Task,Source,Target,Generated,ProbHall
MT,Не волнуйся. Это только временно.,Don't worry. It's only temporary.,"Don't worry, it's only temporary.",0.00
MT,"Тома никогда нет там, где он должен быть.",Tom is never where he's supposed to be.,Tom is never where he should be.,0.00
MT,Мне сложно работать с Томом.,I have trouble working with Tom.,It's hard for me to work with Tom.,0.00
MT,"Воду, пожалуйста.",I'd like some water.,"Water, please.",0.00
MT,"Я не ожидал, что Том предаст меня.",I didn't think that Tom would betray me.,I didn't expect Tom to betray me.,0.00
MT,"Всё не так плохо, как думает Том.",Things aren't as bad as Tom thinks.,It's not as bad as Tom thinks.,0.00
MT,Не усложняйте.,Keep it simple.,Don't complicate it.,0.00
MT,"Почему вы не можете принять меня таким, какой я есть?",Why can't you accept me as I am?,Why can't you accept me as I am?,0.00
MT,Ненавижу это место.,I hate this place.,I hate this place.,0.00
MT,Том находится там в качестве добровольца.,Tom is there as a volunteer.,Tom is here as a volunteer.,0.00
MT,Можно мне тоже одну?,"Can I have one, too?",Can I have one too?,0.00
MT,"Ты в жизни не такой, как на фотографии.",You look different than your picture.,You're different in life than in a picture.,0.00
MT,Она начала осваиваться в своем новом офисе.,She began to get the feel of her new office.,She started working in her new office.,1.00
MT,У меня сейчас нет дел.,I don't have anything to do now.,I don't have anything to do right now.,0.00
MT,Экватор делит землю на два полушария.,The equator divides the earth into two hemispheres.,The equator divides the earth into two hemispheres.,0.00
MT,Я хотел бы стать христианином.,I would like to become a Christian.,I would like to become a Christian.,0.00
MT,Все будут тебе завидовать.,Everyone will envy you.,Everyone will be jealous of you.,0.00
MT,Том купил себе новое пианино.,Tom bought himself a new piano.,Tom bought a new piano.,0.00
MT,"Вы знали, что у Тома три брата?",Did you know that Tom had three brothers?,Did you know Tom had three brothers?,0.00
MT,Не давайте Тому прыгать на кровати.,Don't let Tom jump on the bed.,Don't let Tom jump on the bed.,0.00
MT,Впредь обещаю быть пунктуальным.,"From now on, I promise to be punctual.",I promise to be punctual.,0.00
MT,Поделите это между собой.,Divide this among yourselves.,Share this with each other.,0.00
MT,У Тома есть выбор.,Tom has a choice.,Tom has a choice.,0.00
MT,"Мы надеемся, что нам не понадобится это делать.",We're hoping we won't have to do that.,We hope we don't need to do that.,0.00
MT,Как ты его уговорил?,How did you convince him?,How did you persuade him?,0.00
MT,"Том видел Мэри, но ничего ей не сказал.","Tom saw Mary, but didn't say anything to her.","Tom saw Mary, but didn't tell her anything.",0.00
MT,В зиме мне не нравится холод.,What I hate about winter is the cold.,I don’t like the cold in winter.,0.00
MT,Том познакомился с Мэри год назад.,Tom met Mary a year ago.,Tom met Mary a year ago.,0.00
MT,"Мне нужна не белая, а цветная бумага.",I don't need white but coloured paper.,"I don't need white paper, I need coloured paper.",0.00
MT,Том покупает одежду в торговом центре.,Tom buys clothes at the mall.,Tom's buying clothes at the mall.,0.00
MT,"Мне было просто всё равно, понимаешь?","I really didn't care, you know?","I just didn't care, you know?",0.00
MT,Можете дать мне свой перочинный нож?,Can you give me your pocket knife?,Can you give me your feather knife?,1.00
MT,Я хочу поговорить с тобой об этом отчёте.,I want to talk to you about this report.,I want to talk to you about this report.,0.00
MT,У меня пропала одежда.,My clothes are gone.,I've lost my clothes.,0.00
MT,"Том заметил, что дверь открыта.",Tom noticed that the door was open.,Tom noticed that the door was open.,0.00
MT,Её муж богат.,Her husband is rich.,Her husband is rich.,0.00
MT,Это невозможно или просто сложно?,Is it impossible or just hard?,Is it impossible or just difficult?,0.00
MT,В этом предложении не хватает точки.,This sentence needs a period.,That proposal lacks a point.,1.00
MT,Мария закрыла лицо руками.,Maria covered her face with her hands.,Maria closed her face with her hands.,0.50
MT,Вы бы лучше пошли помогли ей.,You'd better go help her.,You'd better go help her.,0.00
MT,"Я думал, ты канадка.",I thought that you were Canadian.,I thought you were Canadian.,0.00
MT,Том развёлся с Мэри в прошлом году.,Tom divorced Mary last year.,Tom divorced Mary last year.,0.00
MT,Да ну тебя!,Give me a break!,Come on!,1.00
MT,"Том не думает, что на Марсе есть жизнь.",Tom doesn't think there is any life on Mars.,Tom doesn't think there's life on Mars.,0.00
MT,Финики - это здоровая пища.,Dates are a healthy food.,Phoenicians are healthy food.,1.00
MT,Том нырнул в воду и поплыл на тот берег.,Tom dove into the water and swam to the other side.,Tom dived into the water and sailed to that shore.,1.00
MT,Ты несправедлив.,You're being unfair.,You're not fair.,0.00
MT,"Я знал, что Том не силён в шахматах.",I knew that Tom wasn't good at chess.,I knew Tom wasn’t strong at chess.,0.00
MT,Мне надо сделать важное объявление.,I have an important announcement to make.,I need to make an important announcement.,0.00
MT,Вы часто простужаетесь?,Do you frequently get colds?,Do you often get cold?,1.00
MT,Я поцеловал Тома в лоб.,I kissed Tom on the forehead.,I kissed Tom on his forehead.,0.00
MT,Я добавил страницу в закладки.,I bookmarked the page.,I added a page to the bookmarks.,0.00
MT,Он купил минибар в свою комнату.,He bought a mini fridge for his dorm room.,He bought a minibar in his room.,1.00
MT,"Надеюсь, вы не забыли пригласить Тома.",I hope that you didn't forget to invite Tom.,I hope you did not forget to invite Tom.,0.00
MT,Кто не мечтал о своём личном поваре?,Who hasn't dreamt of having their own personal chef?,Who hasn’t dreamed of their own chef?,0.00
MT,Приштина — столица Косово.,Pristina is the capital of Kosovo.,Pristina is the capital of Kosovo.,0.00
MT,Медведь черный.,The bear is black.,Bear is black.,0.00
MT,Освещение стало тускнеть.,The lights began to dim.,The lighting began to fade.,1.00
MT,Мы с ним родственные души.,He and I are kindred spirits.,He and I are soul mates.,0.00
MT,Это чешский?,Is that Czech?,Is it Czech?,0.00
MT,"Я знаю, что случилось.",I know what happened.,I know what happened.,0.00
MT,Иногда мне трудно говорить по-французски.,I sometimes struggle to speak French.,Sometimes I find it difficult to speak French.,0.00
MT,Мы сейчас живём за городом.,We live in the country now.,We live outside the city now.,0.00
MT,Я о таких вещах не беспокоюсь.,I don't worry about those things.,I don't care about those things.,1.00
MT,У меня в моче была кровь.,I had blood in my urine.,I had blood in my urine.,0.00
MT,"Отец Тома, находящийся в тюрьме, никогда не пишет Тому.","Tom's father, who is in prison, never writes to Tom.","Tom’s father, who is in prison, never writes to Tom.",0.00
MT,Просто предоставьте всё нам.,Just leave everything to us.,Just give us everything.,1.00
MT,Тебе не нравится твоё имя?,Don't you like your name?,You don't like your name?,0.00
MT,Кошки не любят воду.,Cats don't like water.,Cats don’t like water.,0.00
MT,Пауки — отвратительные маленькие существа.,Spiders are loathsome little creatures.,Spiders are disgusting little creatures.,0.00
MT,Я никак не успеваю доделать это до завтра.,There's no way I can finish doing this by tomorrow.,I don't have time to finish it until tomorrow.,1.00
MT,У меня в комнате холодно.,It's cold in my room.,It's cold in my room.,0.00
MT,Передашь ему это на том свете!,Tell him that in the afterlife.,You'll give it to him in that light!,1.00
MT,Тому не разрешили уйти.,Tom wasn't allowed to leave.,Tom was not allowed to leave.,0.00
MT,Что делать в случае пожара?,What should I do in case of fire?,What to do in case of fire?,0.00
MT,"Том рисковал своей жизнью, чтобы спасти Мэри.",Tom risked his life to save Mary.,He risked his life to save Mary.,0.00
MT,Её манера говорить нервирует меня.,The way she talks gets on my nerves.,Her way of speaking makes me nervous.,1.00
MT,Ты мог пораниться.,You could hurt yourself.,You could've hurt yourself.,0.00
MT,"Я надеюсь, что у меня получится.",I hope I succeed.,I hope I succeed.,0.00
MT,Пойду найду Тома.,I'll go find Tom.,I'll find Tom.,0.00
MT,Мне это вовсе не кажется странным.,I don't think it's strange at all.,I don't think that's weird at all.,0.00
MT,Её происхождение неизвестно.,Its origin is unknown.,It's a lot.,1.00
MT,Не ты ли просил меня подержать тебя за руку?,Didn't you ask me to hold your hand?,Didn't you ask me to hold your hand?,0.00
MT,Сегодня я не работаю.,I'm not working today.,I don't work today.,0.00
MT,Я умолял Тома прийти.,I begged Tom to come.,I begged Tom to come.,0.00
MT,Брат меня убьёт.,My brother's going to kill me.,My brother will kill me.,0.00
MT,С тобой такое часто бывает?,Does this happen to you a lot?,Does that happen to you often?,0.00
MT,Они отклонили приглашение.,They declined the invitation.,They rejected the invitation.,0.00
MT,Том меня никогда не видел.,Tom never saw me.,Tom never saw me.,0.00
MT,Том живёт близ заброшенного здания.,Tom lives near an abandoned building.,Tom lives near an abandoned building.,0.00
MT,"Том, похоже, меня не узнавал.",Tom didn't seem to recognize me.,Tom didn't seem to recognize me.,0.00
MT,Вы так долго со мной разговаривали и не знаете как меня зовут?!,"You've been talking to me for so long, don't you know my name?!",You've been talking to me for so long and you don't know what my name is?,0.00
MT,Том подкупил Мэри?,Did Tom bribe Mary?,Did Tom bribe Mary?,0.00
MT,Свобода бесценна.,Freedom is invaluable.,Freedom is invaluable.,0.00
MT,Она заплакала.,She started crying.,She cried.,0.00
MT,Нашли что-нибудь интересное?,Have you found something interesting?,Did you find anything interesting?,0.00
MT,Вы можете перевязать эту рану?,Can you dress this wound?,Can you tie this wound?,1.00
MT,После землетрясения многие решили спать в палатках на улице.,"After the earthquake, many people decided to sleep outside in tents.","After the earthquake, many decided to sleep in tents on the street.",0.00
MT,Откуда Том узнал о нашем плане?,How did Tom know about our plan?,How did Tom know about our plan?,0.00
MT,Я здесь часто ем.,I often eat here.,I eat here often.,0.00
MT,Я пятнадцать лет работал учителем.,I worked as a teacher for fifteen years.,I worked as a teacher for 15 years.,0.00
MT,Я не хочу пить ваш чай.,I do not want to drink your tea.,I don't want to drink your tea.,0.00
MT,Тому не надо было обманывать Мэри.,Tom shouldn't lie to Mary.,Tom didn't have to fool Mary.,1.00
MT,Ты сидишь на моём стуле.,You're sitting in my chair.,You're sitting on my chair.,0.00
MT,"Да, это моё.",Yes it's mine.,"Yeah, it's mine.",0.00
MT,Я не собираюсь просто дать тебе это.,I'm not just going to give it to you.,I'm not gonna just give you this.,0.00
MT,К чёрту весь мир!,Fuck the universe.,Fuck the world!,0.00
MT,Том нецензурно выражался.,Tom was cursing.,Tom uncensoredly expressed himself.,0.00
MT,"Я думал, ты беременна.",I thought you were pregnant.,I thought you were pregnant.,0.00
MT,Вы должны оставаться в форме.,You have to stay fit.,You have to stay in shape.,0.00
MT,Я испёк это для тебя.,I baked it for you.,I've got this for you.,1.00
MT,Почему ты так не думаешь?,Why don't you feel that way?,Why don't you think so?,0.00
MT,Окна Тома были открыты некоторое время назад. Сейчас они закрыты.,Tom's windows were open a while ago. They're closed now.,"I've got a time ago, while you've got a few times ago.",1.00
MT,Такого ещё никогда не было.,It had never happened before.,It's never happened before.,0.00
MT,"Таких людей, как вы, немного.",There aren't many people like you.,There are few people like you.,0.00
MT,Том хочет быть переводчиком.,Tom wants to be a translator.,Tom wants to be an interpreter.,0.00
MT,Меня не беспокоит Ваше прошлое.,I don't care about your past.,I don't care about your past.,0.00
MT,Тут мне придётся согласиться с Томом.,I've got to agree with Tom here.,That's where I'll have to agree with Tom.,0.00
MT,Том беспокоится за своего сына.,Tom is worried about his son.,Tom is worried about his son.,0.00
MT,"Том считает, что мы не должны были этого делать.","According to Tom, we shouldn't have done that.",Tom thinks we shouldn't have done that.,0.00
MT,"Когда дело доходит до готовки, с Мэри никто не сравнится.","When it comes to cooking, no one can equal Mary.","When it comes to cooking, no one compares to Mary.",0.00
MT,Такого несуразного заявления я давно не слыхал.,This is the most outlandish claim I've heard in a long time.,I haven't heard such an unspeakable statement in a long time.,0.00
MT,"Я никогда прямо не говорил, что она украла мои деньги.",I never said she stole my money.,I never said she stole my money.,0.00
MT,Ты должен её остановить.,You have to stop her.,You have to stop her.,0.00
MT,Эта книга помогла многим людям похудеть.,This book has helped many people lose weight.,This book has helped a lot of people lose weight.,0.00
MT,Крэк вызывает сильное привыкание.,Crack is very addictive.,Crack is very addictive.,0.00
MT,Том всегда покупает всё самое дешёвое.,Tom always buys whatever's the cheapest.,Tom always buys the cheapest.,0.00
MT,"Это пальто, которое я хочу купить.",This is the coat I want to buy.,That's the coat I want to buy.,0.00
MT,Мне определенно нужен один из них.,I definitely need one of those.,I definitely need one of them.,0.00
MT,Собаку кто-нибудь покормил?,Has anyone fed the dog?,Did anyone feed the dog?,0.00
MT,"Вы хотите, чтобы она вам помогла?",Do you want her to help you?,Do you want to know what you want?,1.00
MT,Сегодня я увидел звезду.,I saw a star today.,I saw a star today.,0.00
MT,"Надеюсь, она наготовила кучу спагетти.",I hope she's made lots of spaghetti.,I hope she made a bunch of spaghetti.,0.00
MT,"Спорим, я справлюсь лучше Тома.",I bet I can do better than Tom.,I bet I can do better than Tom.,0.00
MT,"Как только она открыла дверь, наружу выбежал кот.","As soon as she opened the door, a cat ran out.","As soon as she opened the door, the cat ran out.",0.00
MT,Ты хочешь что-нибудь сказать Тому?,Do you want to say anything to Tom?,Do you have anything you want to say to Tom?,0.00
MT,Том - профессионал в своём деле.,Tom is a professional in his business.,Tom's a professional at work.,1.00
MT,У Тома на это ушло всего около трёх минут.,It only took Tom about three minutes to do that.,Tom went around three minutes.,1.00
MT,Ему не нравится рыба.,He doesn't like fish.,He doesn’t like fish.,0.00
MT,Почему ты научил собаку испанскому?,Why did you teach the dog Spanish?,Why did you teach the dog Spanish?,0.00
MT,Ваше предложение лучше.,Your suggestion is better.,Your offer is better.,1.00
MT,Всё утро лил дождь.,It rained hard all morning.,It rained all morning.,1.00
MT,Тому эта фотография не понравилась.,Tom didn't like this picture.,Tom didn't like this photo.,0.00
MT,Том поддерживает чистоту в своей комнате.,Tom keeps his room tidy.,He maintains cleanliness in his room.,0.00
MT,Что твой парень подарил тебе на вашу годовщину?,What did your boyfriend give you for your anniversary?,What did your boyfriend give you for your anniversary?,0.00
MT,Папа Тома сводил его в аквапарк.,Tom's dad took him to a waterpark.,Tom’s dad took him to a water park.,0.00
MT,Он странно выглядит.,He looks weird.,He looks weird.,0.00
MT,Я бы на твоём месте поступил так же.,I would've done the same if I were you.,I'd do the same if I were you.,0.00
MT,Где здесь поблизости супермаркет?,Where's there a supermarket around here?,Where is the supermarket nearby?,0.00
MT,Когда вы поедете обратно в Бостон?,When will you go back to Boston?,When are you going back to Boston?,0.00
MT,На Юпитере жить нельзя.,You can't live on Jupiter.,You cannot live on Jupiter.,0.00
MT,Ты много о нас знаешь?,Do you know much about us?,You know a lot about us?,1.00
MT,"Если вы откроете эту дверь, возможно, вам не удасться снова закрыть ее.","If you open that door, you might not be able to get it closed again.","If you open this door, you may not be able to close it again.",0.00
MT,Тебе нужно думать о своём будущем.,You need to think about your future.,You need to think about your future.,0.00
MT,Мне нужно видеть этот отчёт сегодня.,I need to see that report today.,I need to see this report today.,0.00
MT,"Мне без разницы, сколько она стоит.",I don't care how much it costs.,I don't care how much she's worth.,1.00
MT,Ты всё ещё работаешь в пекарне на полставки?,You're still working part time at a bakery?,Are you still working at the bakery for halftime?,1.00
MT,Положите это в верхний ящик.,Put this in the top drawer.,Put it in the upper box.,1.00
MT,Том очень любит кататься на велосипеде.,Tom really likes cycling.,She likes to ride a bike.,1.00
MT,Ты бы на моём месте то же самое сделал.,You would've done the same if you were me.,You would have done the same thing in my place.,0.00
MT,"Том сделал своей девушке предложение, и она сказала да.",Tom proposed to his girlfriend and she said yes.,"Tom made an offer to his girlfriend, and she said yes.",1.00
MT,Я был с ним честен.,I have been honest with him.,I was honest with him.,0.00
MT,"Это не единственное, чего Том хотел.",That's not the only thing that Tom wanted.,That's not the only thing Tom wanted.,0.00
MT,"Скажи мне три вещи, которые ты можешь сделать хорошо.",Tell me three things that you can do well.,Tell me three things you can do well.,0.00
MT,У вас есть сковородка побольше?,Do you have a bigger pan?,Do you have a bigger pan?,0.00
MT,"Я единственная, кто может вам помочь.",I'm the only one who can help you.,I'm the only one who can help you.,0.00
MT,"Никто не видел, как они вышли из комнаты.",Nobody saw them leave the room.,No one saw them leave the room.,0.00
MT,В присутствии начальника нужно выглядеть заняты́м.,You need to look busy when the boss is around.,"In the presence of the boss, you need to look busy.",0.00
MT,Мы уже далеко продвинулись.,We've already made a lot of progress.,We've come a long way.,0.00
MT,Я Тома одновременно люблю и ненавижу.,I hate and love Tom at the same time.,I love and hate Tom at the same time.,0.00
MT,"Я хочу, чтобы вы встретили меня в аэропорту.",I'd like you to meet me at the airport.,I want you to meet me at the airport.,0.00
MT,Том точит свой карандаш.,Tom is sharpening his pencil.,Tom's sharpening his pencil.,0.00
MT,"Маша тушит мясо, а Фома делает салат.",Mary is cooking stew and Tom is making a salad.,"The mask melts meat, and Thomas makes a salad.",1.00
MT,Том мне ничего не сказал.,Tom didn't say anything to me.,Tom told me nothing.,0.00
MT,Том открыл своё окно.,Tom opened his window.,Tom opened his window.,0.00
MT,Это длинное путешествие.,It's a long journey.,It's a long journey.,0.00
MT,Оставайся дома.,Stay at home.,Stay home.,0.00
MT,Дело не совсем в этом.,That's not really the point.,It's not exactly that.,1.00
MT,Тома никогда не волновали чувства других людей.,Tom has never cared about other people's feelings.,Tom never cared about other people’s feelings.,0.00
MT,Звучит просто.,It sounds simple.,Sounds simple.,0.00
MT,Ты всегда так говоришь.,You always say that.,You always say that.,0.00
MT,Вот мой бумажник.,Here's my wallet.,Here's my wallet.,0.00
MT,Немедленно остановись!,Stop immediately!,Stop immediately!,0.00
MT,"Я спросил у Тома, не хочет ли он сходить искупаться.",I asked Tom if he wanted to go swimming.,I asked Tom if he wanted to go swimming.,0.00
MT,"Я думаю, Тому меньше тридцати.",I think Tom is under thirty.,I think Tom's under thirty.,0.00
MT,Почему бы нам не убрать этот беспорядок?,Why don't we clean up this mess?,Why don't we get rid of this mess?,0.00
MT,"Ну, я думаю, пора рассказать настоящую историю.","Well, I think it's time the real story was told.","Well, I think it's time to tell a real story.",0.00
MT,"Я говорил вам, что Том не захочет ехать.",I told you Tom wouldn't want to go.,I told you Tom wouldn't want to go.,0.00
MT,"Сделай с этим что-нибудь, пожалуйста.",Please do something about it.,"Do something about it, please.",0.00
MT,Том живёт в одном здании со мной.,Tom lives in my building.,Tom lives in the same building as me.,0.00
MT,Запри все двери.,Lock all the doors.,Lock all doors.,0.00
MT,"Я собираюсь использовать маркер, чтобы выделить главную информацию.",I am going to use the highlighter to highlight the main points.,I'm going to use a marker to highlight the main information.,0.00
MT,С тобой всё только делается лучше!,You being there makes it all better!,You're just doing better!,1.00
MT,Ты можешь поговорить об этом с Томом?,Can you talk to Tom about this?,Can you talk to Tom about this?,0.00
MT,Это пора остановить.,It's time to stop this.,It's time to stop.,0.00
MT,Мы очень гордимся нашей командой.,We're very proud of our team.,We are very proud of our team.,0.00
MT,Я мало что помню о Томе.,I don't remember much about Tom.,I don’t remember much about Tom.,0.00
MT,Ты мог бы хотя бы принять душ.,You could at least take a shower.,You could at least take a shower.,0.00
MT,Коала спит.,The koala is sleeping.,Cala sleeps.,1.00
MT,Они определили его местонахождение.,They've located him.,They found his location.,0.00
DM,"Plants producing chemical fertilizer , acid and soda make use of the phosphates from <define> Lienyunkang </define> and the salt from the Huaipei salt works .","(historical, _, or, _, obsolete)","A district of Wuhan, Hubei, China.",1.00
DM,"Several species of the genus Lesquerella produce as major hydroxy fatty acids either densipolic acid ( 12 - hydroxyoctadeca-9,15 - dienoic acid ) , <define> lesquerolic acid </define> ( 14 - hydroxyeicosa-11 - enoic acid ) or auricolic acid ( 14 - hydroxyeicosa-11,17 - dienoic acid ) .",(organic compound) A hydroxy acid found in the oil of most species of Lesquerella (= Physaria; the bladderpods).,(organic compound) Any of a group of flavonoids found in many plants of the genus Lesquerella.,0.00
DM,"<define> Odoraments </define> to smell to , of rose - water , violet flowers , balm , rose - cakes , vinegar , etc . , do much recreate the brains and spirits   [ … ]",(archaic) Something which gives off a scent; an odoriferous substance. [from 14th c.],(obsolete) An odour.,0.00
DM,"There is no serendipity without a flash of insight from left field , an oblique <define> eureka effect </define> .",The human experience of feeling a sudden sense of insight upon making a discovery or realization.,"(idiomatic) A sudden, unexpected, or unexpected discovery.",0.00
DM,"Even with the nuance , the vote was a momentous step for a church that has been mired in <define> intrafactional </define> warfare over homosexuality for more than a decade .",Within a single faction.,Between factions.,1.00
DM,"The ramjet should have failed , and then whoever run the race to the Power Room should have yanked his smoking body out of the way and , <define> hopeably </define> , restarted it .",(nonstandard) hopefully; in a way that one would hope for,In a hopeable manner.,0.00
DM,"Stone , bronze , iron , hawking , and gunpowder were added to man ’s power to destroy . But now , with the breech - loader and later improved weapons , man has become <define> omnidestructive </define> .",(rare) All-destroying.,Incapable of being destroyed.,1.00
DM,It 's no big deal to be <define> out </define> in the entertainment business .,"(LGBT) Openly acknowledging that one is LGBT+ (gay, trans, etc).",(informal) In a position of power or authority.,1.00
DM,"Not only because ' omnipotence ' as a single property is found in the creed , but because ' omnipotence ' as a single property is found in the creed , but because it is more appropriate and revealing perhaps than ' absolute causality ' ( Schleiermacher ) or ' infinity ' ( Pannenberg appealing to Gregory of Nyssa ) which for reasons internal to theology makes it possible to engage with the study of religions and philosophy of religion ; and might make concrete a provisional paraphrase of the word ' God ' understood as a <define> nomen appellativum </define> , not least as it is used in the term ' all - determining reality ' .","(grammar, rare) common noun","(philosophy, linguistics) An appellation.",1.00
DM,"[ ... ] As to the actual and present state of the school , it has experienced since this 2 1/2 or 3 years a perceptible decline , on one side for want of European youths , and on the other thro the continual <define> drawths </define> from them , as whenever these youths had but half concluded their studies , they were included and placed directly under the military , [ ... ]",That which is draughted or drawn; a draught.,"(archaic, or, dialectal) The act of drawing; drawing.",1.00
DM,The sight of the rope against the whitewashed wall and the thought of the <define> bloodsome </define> uproar which was about to smash the peace of the night into hash served to deepen that rummy feeling to which I have alluded .,"(literal, and, figurative) Marked by blood; bloody (all senses)",Resembling or characteristic of blood.,1.00
DM,Yet neither Pennsylvania 's <define> Quakerist </define> tendencies toward gender equality nor Connecticut 's legacy of radical Protestantism prevented these two colonies from sacrificing a widow 's rights to commercial considerations .,(uncommon) Quaker or Quaker-like.,Of or pertaining to Quakers.,0.00
DM,"Some bilingual speakers , including some who are <define> ambilingual </define> , can be said to have two ( occasionally more ) native languages . There is no exact criterion for this ; but one could say arbitrarily that any language learnt by the child before the age of instruction , from parents , from others , such as a nurse , looking after it , or from other children , is an L1 . It is clear , however , that only a small proportion of those who learn two or more languages in this way become ambilingual speakers ; and conversely , not all ambilinguals have two L1s .",Speaking two or more languages with complete fluency and such that there is no subject or domain of communication in which one language is preferred over others.,(linguistics) Having two or more languages as one's native language.,0.00
DM,"… hanging trollopy , and daggling about their heels ; but hastily <define> wrappt </define> round them as soon as I came upstairs .",(rare),"(intransitive, obsolete) To wrap (something) around oneself.",0.00
DM,"Today Arabic must be regarded as one of the important world languages . Its earli­est written forms are provided by pre - Islamic North and East Arabian inscriptions using a variant of the South Arabian monumental script . The attested dialects are <define> Liḥyānite </define> or Dedanite in Hedjāz , Thamūdic in north - eastern Hedjāz , Safaitic in southern Syria and Jor­dan , Hasaean in the oasis of al - Hāsa ’ , and Nabataean Arabic , represented by a few in­scriptions in Aramaic script .",Alternative spelling of Lihyanite,(linguistics) Of or pertaining to the Liḥyānite language.,0.00
DM,"And although I did not know this at the time , it 's also the <define> shitty stick </define> of philology , the course that no one wants to teach .",An extremely unpleasant person or situation.,"(slang, derogatory) A difficult or unappealing course of study.",1.00
DM,"qetsk - oB , <define> oFBS </define> , oMZS , etc .   - older brother or cousin , male / female   [ … ]",(anthropology) Initialism of older father's brother's son.; father's brother's son older than oneself.,(informal) Initialism of older brother.,1.00
DM,"Giuliana : Speak for yourself , Rancic . I can run in heels like no other ; it 's <define> amazeballs </define> !",(slang) Amazing.,(colloquial) Amazing.,0.00
DM,"The archboard assembly can now be erected , springing aft from the after most frame , and supported by the <define> horn timber </define> .",(nautical) A timber that angles up from the sternpost to support the overhang of the stern. A single vessel may have multiple horn timbers.,(architecture) A piece of timber used to support an archboard.,0.00
DM,<define> Prudent man rules </define> also require that greater financial and legal responsibility be attached to any imprudent action by corporate officers .,"(legal, investment) A standard for the duty of a fiduciary with responsibility over investments.","(idiomatic, business) To act in a prudent manner.",1.00
DM,"[ … ]   when he recollected that , being there as an assistant , he actually seemed — no matter what unhappy train of circumstances had brought him to that pass — to be the aider and <define> abettor </define> of a system which filled him with honest disgust and indignation , he loathed himself   [ … ]",A supporter or advocate. [Late 16th century.],One who abets.,0.00
DM,the <define> musculophrenic </define> artery,(anatomy) Pertaining to the muscles and the diaphragm.,(anatomy) Relating to the musculoskeletal system.,0.00
DM,"Descender from the plains , ultimate moon of all flames , from tumescences of fruit and flower dropping , darkened your face already — fool or baptist , summer 's fool , echoer , necrologue , or <define> foresong </define> of glaciers , anyway nutcracker , sedge - cutter , ponderer of platitudes — [ ... ]",A song sung as an opener to an event or story; prelude,(figuratively) A foreshadowing; a foreshadowing.,1.00
DM,"Therefore , the sum of the geometric multiplicities of a <define> defective matrix </define> will be less than n.","(linear algebra) A square (n×n) matrix that has fewer than n linearly independent eigenvectors, and is therefore not diagonalisable.",(mathematics) A matrix that is defective in some way.,0.00
DM,"[ … ] the eyes were once more beginning to show the old nystagmus ; so I decided to <define> needle </define> the cataracts , and on Jan. 31 I needled the right eye .","To pierce with a needle, especially for sewing or acupuncture.",(transitive) To insert a needle into.,0.00
DM,""" Hell , he 's <define> nickered </define> before . He nickers all the time ! """,To make a soft neighing sound characteristic of a horse.,"(intransitive, colloquial) To make a nicker.",0.00
DM,"Some saw them , and other Rauschenberg works , as neo - Dada , <define> antiart </define> gestures , for example .","Opposed to art, or to the concept of fine art",Opposed to art.,0.00
DM,"The purpose of a <define> comp </define> is to give your client , whether that is your boss , a committee you 're on , or an outside company that has retained you for design assistance , a look at what the finished piece you 've designed will look like .","(design) , a graphic design showing final proposed layout of text and images.","(chiefly, US, informal) A commission.",1.00
DM,"They saw Rimester near a light tower , one of the older writers , a black guy wearing a kufi , a skullcap , who did amazing wildstyle <define> window - downs </define> , Ismael had to admit — the letters decorated with love poems and sentiments of heartbreak .","A piece of graffiti covering a train, etc. from the base of the window downward.",Alternative form of window-down,1.00
DM,A wide spread of possible outcomes will give a relatively flat distribution and so indicate a risky project . A narrow spread of results will give a very <define> peaky </define> graph and indicate a low risk project .,Characterised by peaks.,Resembling or characteristic of a peak.,0.00
DM,The striker headed the ball into the <define> net </define> to make it 1 - 0 .,"(sports) A framework backed by a mesh, serving as the goal in hockey, soccer, lacrosse, etc.",(soccer) The area in which a goal is scored.,0.00
DM,She looked up and saw a man across the bayou carrying a <define> bundlesome </define> sack of groceries .,Characteristic of a bundle or bundling,Resembling or characteristic of bundles.,0.00
DM,This ' boys ' club ' attitude that girls ca n't be geeks is still a major stumbling block for <define> feminerds </define> and girls who want to break into geek culture .,"(slang) A feminist nerd, especially a woman.",(informal) A female geek.,0.00
DM,"Having deposited our mournful burden upon tressels within this region of horror , we partially turned aside the yet <define> unscrewed </define> lid of the coffin , and looked upon the face of the tenant .",Not having been screwed.,That has been unscrewed.,0.00
DM,"The dirty secret of the internet is that all this distraction and interruption is immensely profitable . Web companies like to boast about [ … ] , or offering services that let you "" <define> stay </define> up to date with what your friends are doing "" , [ … ] and so on . But the real way to build a successful online business is to be better than your rivals at undermining people 's control of their own attention .","(intransitive, copulative) To continue to have a particular quality.",(intransitive) To continue to do something.,1.00
DM,"She said : "" So I sure got my hands full . "" Handful . To mean : <define> handlesome </define> . Fit to be handed from hand to hand . Hand me down my walkincane .","(rare) Typified by, or requiring handling; (by extension) difficult to manage",(colloquial) Handy; capable of being handled.,1.00
DM,Named Tasmania 's first ever All Australian at the 1953 Adelaide carnival ( when he was playing at North Launceston ) Leedham is regarded by many as being the best footballer ever produced in the <define> Apple Isle </define> .,"(Australia, informal) Tasmania.",(Australia) The state of Tasmania.,0.00
DM,"As the <define> joblife </define> becomes a smaller percentage of the life cycles of most peoples , the traditions of social policy must adopt more adequate ways of social security .",That portion of one's life in which one is gainfully employed,The period of time during which a person is employed.,0.00
DM,"At home I lay down and sank into a not unpleasant <define> intoxicatedlike </define> condition , characterized by an extremely stimulated imagination .",(rare) Alternative form of intoxicated-like,Resembling or characteristic of intoxication.,0.00
DM,an <define> irritative </define> fever,"accompanied with, or produced by, increased action or irritation",(medicine) Causing irritation.,0.00
DM,I 'm going to <define> uni </define> after I leave school .,"(colloquial, chiefly, Britain, Australia, NZ, Canada) University.",(informal) university,0.00
DM,"Hyaline cells exhibit α - CasPPO - hemo immunostaining only at postmolt stage ( Fig 5A and 5B ; n = 5–6 ) , while semigranulocytes are <define> immunosensitive </define> only at early premolt and postmolt stages .",(immunology) sensitive to allergens; allergic,(immunology) Capable of being immunosensitive.,0.00
DM,No more midnight oil — for why should he be a <define> slave of the lamp </define> ? No more worry .,"(jocular) A person who works by lamplight, or works with electrical apparatus.","(idiomatic, by extension) A person who is enslaved by a job, a job, or a situation.",1.00
DM,The answer appears on the <define> thirty - second </define> page of the book .,"The ordinal form of the number thirty-two, describing a person or thing in position number 32 of a sequence.","The ordinal form of the number thirty-two, describing a person or thing in position number 32 of a sequence.",0.00
DM,"Put it down and walk away ... straight to the crime section of your bookstore , where I 'd suggest you start with The Hunter , the first book in his classic series about Parker , the <define> heister </define> 's heister   [ … ]",(rare) A thief or burglar.,"One who, or that which, heists.",0.00
DM,"Furthermore , though there are those who complain of official France , the <define> bunglesome </define> administration , the interminable red tape , I was not one of those who suffered any great inconvenience from these obstacles to progress .",Characterised or marked by bungling; ungainly; awkward; incompetent,"(informal) Unwieldy, complicated, or difficult to deal with.",1.00
DM,"Because the Sydney newspaper scene was dominated by a culture of alcohol - fuelled <define> blokeyness </define> , sexism and misogyny , Murdoch and Rabin introduced some groundbreaking recruitment practices .",The state or quality of being blokey.,(informal) The state or quality of being a bloke.,0.00
DM,"Four of the 32 251 Ku aircraft turned back , but the other 28 fought for 20 minutes against a reported 100 enemy aircraft , claiming 18 destroyed and five <define> probables </define> .",Something that is likely.,(military) An aircraft that has not yet been destroyed.,1.00
DM,"Fall may be the season of <define> poachable </define> fruit — apples in cider with vanilla , pears in pear juice with ginger   [ … ]",Suitable for being cooked by poaching.,(obsolete) Capable of being eaten.,0.00
DM,The exam was so hard we assumed the question <define> setter </define> must have been in a bad mood .,"One who sets something, such as a challenge or an examination.",One who sets a question.,0.00
DM,"When a problem reoccurs after surgery , it might be necessary to <define> reoperate </define> on a patient .","(intransitive, surgery) to operate (surgically) again (on the same thing as a previous operation).",(transitive) To perform (a surgery) again.,0.00
DM,"No matter how many <define> dietologists </define> , doctors , or journalists tell you that carbohydrates are bad for you , the brain runs on glucose , and glucose is a carbohydrate .",A specialist in dietology.,(informal) A dietitian.,0.00
DM,"New vasculature , under the influence of angiogenic growth factors , may grow from the <define> vaso vasorum </define> within the adventitia into the plaque .",(anatomy),(medicine) vasculature,0.00
DM,I felt <define> dehydrated </define> because I did n't bring enough water on the hike .,to lose or remove water; to dry,(intransitive) To become dehydrated.,0.00
DM,"Some in learning 's garb , With formal band , and sable - cinctur'd gown , And rags of <define> mouldly </define> volumes .",(obsolete) mouldy,Resembling or characteristic of a mould.,0.00
DM,"He comes outside when weather 's fine / To hang his singlets on the line , / And then returns - he needs no bell - / The scouse , or Sunday 's duff to share ; / The stokers <define> tabnabs </define> need his care ; / The sea sounds far away in there , / Ssssssssh , like the hush in a conch - shell .","(slang, British, Navy) A small item of food offered at break times, normally the morning break.",(obsolete) A stoker.,1.00
DM,"He had heard that in far - away France the motley was not confined to men . Had not Jeanne , queen of Charles I , possessed her jestress , Artaude de Puy , "" folle to our dear companion , "" as said the king ? Had not Madame d'Or , wearer of the bells , kept the nobles laughing ? Had not the haughty , eccentric Don John , his handsome , merry <define> joculatrix </define> , attached to his princely household ?","(obsolete) A female joculator; a female jester, comedian or entertainer.",A female jockey.,0.00
DM,""" Tickets will be available at the door for a cool 10 <define> dollarydoos </define> . ""","(Australia, informal, finance) The Australian dollar.","(Australia, New Zealand, slang) A dollar.",0.00
DM,"Almost all these magnificent buildings were used for ordinary theatrical performances during the 5th century . All of them , however , contain elements which are evidence that the <define> orchestrae </define> were not only used during musical or histrionic events but also for gladiatorial combats and hunts , which were a merciless way of eliminating huge numbers of Christians .   [ … ]   Execution was performed in public , in the arenas or ochestrae of the amphitheatres and theatres , and was particularly common during the reigns of Nero , Trajan Decius , Diocletian and other of the Roman emperors .",(rare),(historical) An amphitheatre.,0.00
DM,"His conceptualization eschews some crucial normative and epistemological distinctions between various forms or modalities of translation , especially between stronger and weaker ones ( or <define> reificatory </define> and non - reificatory ones ) and , in doing so , impairs our ability to evaluate them , viz . of choosing the side of the weak .",That reifies.,Of or pertaining to reification.,0.00
DM,The <define> judgess </define> demands in her charge to the jury to “ despise and hate all men and to bring up your children to do the same . ”,(obsolete) A female judge.,A female judge.,0.00
DM,One could take them for threads of wool like those which you pull out of an old <define> ravelly </define> stocking .,tangly; entwined like fibres,Resembling or characteristic of a rave.,1.00
DM,"It is generally believed that the creation of the <define> Kuomintang </define> will somewhat straighten out the political tangle in China caused by the multitude of parties . The Kuomintang holds itself out as the democratic party , and its support of the President will be tempered by the path his future actions take .","A nationalist political party founded under Sun Yat-sen in 1912 that ruled mainland China from 1928 to 1949, now one of three major parties in the Republic of China (Taiwan).",(historical) A political party in the People's Republic of China.,0.00
DM,""" He might not have meant to ignore her , "" answered Isabel thoughtfully ; "" he might have chosen not to introduce her because he felt too proud of her to subject her to any possible <define> misappreciation </define> from them . ""","(dated) An observed failure to appreciate the proper worth of a person, an act or a thing.",The state of being misappreciated.,0.00
DM,Our prototype implements a basic pharming attack to selectively <define> misresolve </define> the client domain name requests .,(transitive) To resolve incorrectly.,"(transitive, computing) To resolve incorrectly.",0.00
DM,"This done , he <define> reimportuned </define> Victor Riley , who , knowing now what Fred had known for weeks about the T.T. engine inventory , had one of the spares gift wrapped and released to the gruff little Yorkshireman .",To importune again.,(transitive) To import again.,0.00
DM,"However , as the beaks lack hooks typical for carnivorous birds , and calcium isotopes in the bones do not support a meat - based diet ( Angst et al . , 2014 ) , it is now assumed that <define> gastornithids </define> were herbivores .",(zoology) Any extinct bird in the family Gastornithidae.,(zoology) Any bird of the family Gastornithidae.,0.00
DM,"The small cadre of confirmed bachelors is excluded from the sample universe , and depending upon the dates of the records studied there can be an interaction between history and <define> groomdom </define> .",Grooms collectively.,The state or condition of being a groom.,1.00
DM,The original plan may have been for nothing more than an extended <define> pancarte </define> to cover the increasing number of donations around the mother house .,(obsolete) A royal charter confirming to a subject all his possessions.,(informal) A pancake breakfast.,1.00
DM,"We characterized the skull morphology of 19 species of <define> xenodontine </define> snakes using geometric morphometric techniques , and used phylogenetic comparative methods to test the association between diet and skull morphology .",(zoology) Belonging to a group of colubrid snakes with unusual teeth.,(zoology) Of or pertaining to the family Xenodontidae.,0.00
DM,The <define> headend </define> cable modem handles the medium access control ( MAC ) protocol which is necessary for point - to - multipoint operation on the tree - and - branch network .,"A cable TV control centre, at which terrestrial and satellite signals are received, monitored and injected into the cable network.",(computing) The part of a computer system that is responsible for processing the input and output of other systems.,0.00
DM,No refinement in him would now have surprised her ; but neither would any outbreak of <define> boorishness </define> .,The state or characteristic of being a boor or of being boorish; boorish behaviour.,The quality of being boorish.,0.00
DM,"Oft the fins of the volcano frantic with burning rage , madly heaves and struggles in the restless bosom of the mountain , and shaking the ponderous globe , scornfully <define> overleak </define> the rock walls within which they have been impaled , until their "" Horrid roar embowels with outrageous noise the air "" and blazing ruin scorches the fertile field and plain , and proud cities , with all their splendors , pomp , and wealth are submerged beneath the dark deep foundations by some gigantic impulse ...",To leak over.,(transitive) To leak out.,0.00
DM,"Often tricked into running up debts or signing their deeds directly over to these <define> landmongers </define> , the traditionalists appealed to the federal government for help .",An unscrupulous dealer in land.,"(Australia, New Zealand, historical) A person who attempts to acquire land by fraud.",1.00
DM,"<define> Ashers </define> offer such good arguments . Like : "" You 're dumb . ""","A member of the alt.suicide.holiday newsgroup, which deals with the topics of suicide and depression.","(slang, derogatory) A person of Asian descent.",1.00
DM,All companies working with series and <define> job production </define> state that they are using ramp - up management .,(business) The production of one or a very small number of customized made-to-order goods for a single customer.,The production of jobs.,0.00
DM,"These words were jabbered as fast as ever tongue could utter them , and when he had finished , up he jumped , again commenced the same mad rotations , and broke into the same extravagant <define> cantation </define> as before .",(obsolete) A singing.,"(countable, uncountable) The act of speaking in a cantorial manner.",0.00
DM,"4 . On 17 July , 3,000 infantry troops with several artillery pieces left Foochow in the direction of <define> Lienchiang </define> ( 119 - 31 , 26 - 12).5 . Beginning on 17 July Foochow had heavy rains on consecutive days . By 20 July floods had destroyed many houses , and more than 300,000 persons were distressed .",", a county in Fuzhou, Fujian, China","A prefecture-level city in Guangdong, China.",0.00
DM,"Back in Belding , he was always the tough guy , the one who rode around in his dad 's Pontiac Lemans with the vinyl top and the automatic on the floor . He drove that car like he was the <define> King Shit of Turd Island </define> , and I guess all of us was .","(idiomatic, slang, vulgar, derogatory) An individual with pretensions of great importance.","(slang, vulgar, derogatory) A person who is considered to be the best in his or her field.",0.00
DM,"An impish , balding man , he mimicked the inventor Buckminster Fuller , who documented his life in what he called a <define> chronofile </define> by pasting letters , bills and all manner of pieces of paper in a huge scrapbook for 68 years .",A historical record made up of everyday papers and documents from many stages of the owner's life.,(historical) A scrapbook used by Buckminster Fuller to record his life.,1.00
DM,"They are usually untrained , <define> unscreened </define> and unsupervised [ … ] .","Not screened, or not having been screened",Not screened.,0.00
DM,<define> furfurous </define> bread,furfuraceous,Of or pertaining to furries.,1.00
DM,"Yet , he indicated on the base of recent literature , there is a lot of ignored anticipation going on , and the assumption of <define> unanticipation </define> simply does not hold anymore ,   [ … ]",Lack of anticipation.,The state or condition of not anticipating.,0.00
DM,"It used to be known as the “ John Garfield Still Dead ” syndrome , after the extensive <define> postfuneral </define> coverage of a movie star who had a fatal heart attack in 1952 in the bed of a woman other than his wife .",After a funeral.,Occurring after a funeral.,0.00
DM,"Since the Dalai Lama is a <define> tulka </define> , he can choose to be reborn as he pleases to serve humanity .","(Buddhism) In Tibetan Mahayana, a particular high-ranking lama who can choose their own manner of rebirth.",(Buddhism) A reincarnated person.,1.00
DM,"Ignat'ev refused to concede these points , but offered other concessions instead : Russia would not demand a consulate in <define> Ch'i - ch'i - ha - erh </define> or Chang - chia - k'ou ( Kalgan ) ; it would permit Chinese subjects to continue living along the Ussuri river as Chinese subjects ; and it would limit to 200 the number of Russian traders in Peking .",(Qiqihar),"A prefecture-level city in Xinjiang, China.",0.00
DM,"Still , he describes [ ... ] the <define> yellow - breasted chats </define> and tundra swans that would appear in his yard , looking for seed .","A large yellow-colored songbird found on the American continent, Icteria virens","Any of several species of bird in the family Phalacrocoracidae, especially the yellow-breasted chat.",0.00
DM,"[ … ]   few of these boys know how to fight alone , and hardly any without a knife or a gun . They are not to be equated with matadors or boxers or Hemingway heroes . They are dangerous <define> pack hounds </define> who will not even expose themselves singly in the outfield .",A dog of any breed used to assist hunters as part of a pack.,"(figuratively) A person who tends to follow others, especially in a pack.",1.00
DM,"Meanwhile , the government expanded <define> semi - boarding school </define> facilities .","A school that provides board and lodging to some students, but allows others to attend during the day only, like a day school.",Alternative form of semi-boarding school,0.00
DM,"When , on a special occasion , they dined together at the Ritterhalle , she did not even look at the menu but <define> lionheartedly </define> ordered a single dropped egg and a cup of tea and resolutely kept her eyes away from Sue 's boiled beef and fritters .",In a lionhearted manner; courageously; bravely.,In a lionhearted manner.,0.00
DM,"Another even more effective method is to heavily douse the area with common grocery store vinegar ( white or apple cider ) , and then cover it with plastic and <define> solarize </define> it for two weeks . If after two weeks you still have problems , apply more vinegar and solarize for the rest of the summer and try again next year . Remember to clean the land before you solarize .",(horticulture) To treat soil by covering with plastic and exposing to sunlight.,(transitive) To cover with solarization.,0.00
DM,"Around the <define> nightfires </define> , I read Ezekiel and Leviticus and then spoke mysteriously about the quarry we chased , lengthening all I knew of the Harp gang into flatulent legend .",A fire that is lit outdoors at night.,A fire lit at night.,0.00
DM,"Combining this with the construction of Chern classes with coefficients in the <define> bigrassmannian </define> complexes , we get , for the weights up to four , local explicit formulas for the Chern classes in the rational Deligne cohomology via polylogarithms .","(maths) Pertaining to a permutation such that there is at most one left and one right descent (at most one index i and one index j, such that wsi < w and sjw < w).","(algebra, cohomology) Of or relating to bigrassmannian complexes.",0.00
DM,"And the Egyptians made the children of Israel to serve with <define> rigour </define> : And they made their lives bitter with hard bondage , in morter , and in brick , and in all manner of service in the field : all their service , wherein they made them serve , was with rigour .",Severity or strictness.,(uncountable) The quality or state of being rigorous.,0.00
DM,Why are you so <define> kiasi </define> ? You wo n't die from getting a small cut on the finger .,"(Singapore, colloquial, mildly, _, derogatory) Unwilling to take a chance for fear that something bad or unfavourable will happen; cowardly.","(South Africa, colloquial) Crazy, crazy.",1.00
DM,"The woozy “ Black Market Baby ” and spooky <define> sprechstimme </define> of “ What 's He Building ? ” are prime latter - day Waits , as are a host of other numbers that sound like work songs bellowed down a Tin Pan Alley .",A dramatic vocal style midway between speaking and singing.,(uncountable) The sound of sprechstimme.,0.00
DM,The first impression he must have made on the heathen chieftains was that of a man <define> unintimidatable </define> and devoid of fear .,Fearless; not able to be intimidated.,Not able to be intimidated.,0.00
DM,"From the evidence of other witnesses to alliterative texts copied by Thornton ( as , for instance , by comparing the four dissimilar manuscripts of Awntyrs or the two each of Truelove and The Palement of Thre Ages ) it can be seen that , although Thornton is a careful scribe and almost never <define> mismetres </define> a line into duple , alternating rhythms , he shows an eagerness to smooth out and add explanatory pleonasms by inserting fillers such as ful , frequently supplying full forms where an aphetic one was metrical , and altering the metrical pattern of the b - verses to make triple - beat ' anapaestic ' lines .",Alternative form of mismeter,"(transitive) To change the form of (a line, etc.).",0.00
DM,"It is time the international community faced the reality : we have an unmanageable , unfair , distortionary global tax regime . [ … ] It is the starving of the <define> public sector </define> which has been pivotal in America no longer being the land of opportunity – with a child 's life prospects more dependent on the income and education of its parents than in other advanced countries .",Any government and all entities that are controlled or funded by it.,(economics) The part of the economy that is controlled by the government.,0.00
DM,"For more than 30 years , the science has been crystal clear . How dare you continue to look away and come here saying that you 're doing enough , when the politics and solutions needed are still <define> nowhere in sight </define> .",Alternative form of nowhere to be found,(idiomatic) Not in sight.,0.00
DM,"My dear , if I should say your eyes / Are bright as Rigel in the skies ; / If I should say your lustrous hair / Is glorious more than high Altair / And that your simple , happy smile / Is of the <define> Mona Lisan </define> style ; / Or that your graceful ruby lips / E’en Trojan Helen ’s do eclipse ; / And tell you , too — not just to please — / You ’re fairer than the Naiades ; / Said I such things , by ardor fanned , / I do not think you ’d understand .",Resembling or characteristic of the Mona Lisa.,A en given name.,1.00
DM,Guess things are different in the <define> Xenaverse </define> . Maybe Ares and the other gods do n't like competition ?,(fandom slang) The fictional universe depicted in the Xena: Warrior Princess series.,(fandom slang) The universe of the television series Xena: Warrior Princess.,0.00
DM,"Now , happy bridging over a <define> chinese snooker </define> .","(snooker) A reverse snooker position where the cue ball is in front of, rather than behind, a ball that is not on, making the shot very difficult because the bridge is hampered and the cueing angle is unnaturally high.",(snooker) A type of snooker played in China.,0.00
DM,Doubtless ere many years St. George 's day may be simultaneously celebrated by all of us “ Anglo - Saxon ” blood <define> alliancers </define> .,One who favors and/or forms an alliance.,(historical) A member of the Anglo-Saxon community.,1.00
DM,"In case of rent charge , she was <define> endowable </define> unless the heir had elected to make it personalty by resorting to her writ of annuity .","(law, historical) Entitled to receive or eligible for dower; dowable.",Capable of being endowed.,0.00
DM,"Every year there is something new , something that <define> everybody who is anybody </define> gourmetwise , has to eat and rave about .","(idiomatic) All of the people who are well-known or important, especially those who have prominent social standing.",(idiomatic) Everyone.,1.00
DM,"Discouraged , the defendant switched to "" flawless English , "" and then went on to another expedient , advising that what he had been charged with doing was in fact the work of Satan ; who of course was not <define> subpoenable </define> by the prosecutor .",Capable of or permitted to be subpoenaed.,Capable of being subpoenaed.,0.00
DM,"Indeed , by a profound result of E. Kirchberg , F. Radulescu and N. Ozawa , a group is <define> hyperlinear </define> if and only if it satisfies the Connes embedding conjecture for groups , that is , if and only if its von Neumann algebra embeds into an ultrapower of the hyperfinite II1 factor R.","(mathematics, of groups) Displaying a generalization of sofic that applies to finite-dimensional Hilbert spaces.","(algebra, group theory, of an algebraic structure) Such that, for a given algebraic structure K, the group operation that maps every element of K to every element of K isomorphic to the operation of mapping elements of K to elements of K.",0.00
DM,"They were out to hunt a <define> niggergirl </define> , who , if she got across the thousand acres in safety , swam the river and crawled her way through the next quarter mile of thicket tangle on to the slope of Booby Mountain , would be free of molestation .","(offensive, ethnic slur) A young black woman.","(US, slang) A black woman.",0.00
DM,"[ … ]   when the seed surrenders , it becomes a tree . Seeds that do n’t surrender their “ <define> seedness </define> ” only wither up and blow away .",(rare) The state or quality of being seed.,The state or quality of being a seed.,0.00
DM,"My men at arms are ready for mounting , and I will give orders to my <define> vadelect </define> "" to have my own arms ready for a present adventure . ”",(obsolete) A personal servant; a man who is a member of the household staff.,(obsolete) A vassal.,0.00
DM,to <define> unearth </define> a fox or a badger,To drive or draw from the earth.,"(transitive, obsolete) To discover; to discover.",1.00
DM,"By definition – sorry , by hypothesis ! – we know that geometry and meaning belong in their origins to different orders of identity and that it is from their <define> contradictoriality </define> that the constituent symbolic factor of Sapiens is born .",Synonym of contradictoriness,(philosophy) The quality of being contradictory.,0.00
DM,Away from the immediate heat of our relationship — like when she 's at school — I think to myself that I might even enjoy the wild energy her <define> rilesome </define> nature brings to my life if it were n't so evident that so much of the time the pain she causes me is anything but inadvertent .,Easily aggravated; tending to get riled up.,Resembling or characteristic of a rascal.,1.00
DM,""" Optic sight "" means special equipment for firearms or <define> cold weapons </define> ,   [ … ]",A weapon that does not use fire or explosives.,Alternative form of cold-fire,1.00
DM,Previous study showed the zic family member Zic2a was involved in the regulation of two <define> prethalamic </define> transcription factor dlx2a and arxa .,Relating to the prethalamus,(anatomy) Occurring before the eye,0.00
DM,I am <define> perfect </define> that the Pannonians and Dalmatians for their liberties are now in arms .,(obsolete) Well informed; certain; sure.,"(obsolete, transitive) To be sure of; to be certain of; to be certain of.",0.00
DM,"Come here , <define> quick </define> !","Quickly, in a quick manner.",(informal) Quickly.,0.00
DM,"At street corners after dark in the West End , and up courts in the City , may be heard the hoarse cornet à piston , the <define> quakesome </define> flute , and eke the twanging harp , in trinity of dissonance ; [ ... ]",Characterised or marked by quaking,Resembling or characteristic of a quake.,0.00
DM,"Phase shift techniques for <define> pseudostereo </define> : ( a ) The circuit arrangement resembles the comb filter except that an all - pass phase shift network is used instead of signal delay ,   [ … ]","(sometimes, attributive) A technique or effect that simulates stereo, in sound or visual imagery.",Alternative form of pseudostereo,0.00
DM,"Of course , that does n't mean that parts of the home - buying process have n't been “ <define> webized </define> , ” or broken down into smaller pieces that can be done very efficiently online .","(internet, transitive) To adapt for the World Wide Web.",(transitive) To make (something) available on the World Wide Web.,0.00
DM,"Joan Bakewell was famously described as "" the <define> thinking man 's crumpet </define> "" .","(British, slang) An intelligent and good-looking woman, particularly one who has a high profile in the broadcast media.",(idiomatic) A person or thing that is thought-provoking.,1.00
DM,"In Dobu , the mother 's brother is held to be the harshest of all the relatives . “ The motherʼs brother may beat children long after their parents have ceased to do so , ” and they are forbidden to utter his name . There is a tender relationship with the “ navel , ” the motherʼs sisterʼs husband , who is the fatherʼs double , rather than with the father himself . Nevertheless , the father is considered “ less harsh ” than the motherʼs brother and will always seek , contrary to the laws of inheritance , to favor his son at the expense of his <define> uterine nephew </define> . And , finally , “ the strongest of all social bonds ” is the one between brother and sister.44",(anthropology) The son of one's sister.,"(chiefly, _, historical) A male relative who is not the biological son of the mother's husband or of the father's wife.",1.00
DM,the <define> contraction </define> of malaria,(medicine) The process of contracting a disease.,(medicine) The act of contracting.,0.00
DM,"In particular , we give an analytical identification of the mechanisms responsible for the <define> supernarrow </define> peaks observed recently in the spectrum of a mechanical realization of the system .",Extremely narrow.,Extremely narrow.,0.00
DM,To expressivity and simplicity of surface we must add one final factor that figures into the <define> glanceful </define> perception of environmental difficulties and the imperative to rectify them : the intensity of the conflict that engendered these difficulties .,Characterized by glances.,Pertaining to a glance.,0.00
DM,"E2A protein E47 , which forms heterodimers with NGN3 to regulate <define> proendocrine </define> gene transcription [ 44 ] coprecipitated with human NGN3 and was detected along with E12 , an alternately spliced form of E2A , in the mouse lysate ( Fig 1I , bottom right panel ) .",Relating to the production of endocrine secretions.,Of or pertaining to endocrinology.,0.00
DM,"Tenants have complained for years that the elevators are unsafe and unreliable , often stalling <define> midfloor </define> or refusing to work at all .",In the middle of a floor.,In the middle of a floor.,0.00
DM,“ There 's whooooo ? ” Bobby <define> snickles </define> .,"(intransitive, dialect) To laugh at someone or something",(intransitive) To laugh.,0.00
DM,"Roentgenogram showing malformation in second and third radiants , with <define> brachymesophalangia </define> and brachybasophalangia .","(medicine) The condition of having a short middle phalanx, often of the fifth digit on the hand.",(medicine) A type of malformation of the third radiate of the heart. [from 20th c.],1.00
DM,"Paul seemed relaxed , scanning the fields on either side of the muddy lane for <define> fieldfares </define>","A large thrush, Turdus pilaris, a bird of Eurasia.","(UK, dialect) A field mouse.",1.00
DM,"The interests of the Russian aristocracy — the <define> boyardom </define> — which by definition defended the social limitations on power ( since these were a matter of life and death for it ) , did not contradict the interests of the peasant proto - bourgeoisie , which by definition defended the economic limitations on power ( also a matter of life and death ) .",Boyars collectively.,(historical) The aristocracy of the Russian Empire.,0.00
DM,"Felix is a widely experienced fisherman ; he has worked on everything from oceangoing commercial rigs to single - canoe drift netting on the river where he grew up , to the <define> set - netting </define> he does now in the canyon .",Alternative form of set netting,Alternative form of set net,0.00
DM,"At 1620:38 , the captain stated , "" got ta get it over again ... at least upside down we 're flyin . "" At 1620:49 , the CVR recorded sounds similar to engine compressor stalls and engine <define> spooldown </define> . At 1620:54 , the captain commanded deployment of the speedbrakes , and , about 1 second later , the first officer replied , "" got it . "" At 1620:56.2 , the captain stated , "" ah here we go . "" The FDR recording ended at 1620:56.3 , and the CVR recording ended at 1620:57.1 .","(aviation) The process of reduction of the rotational speed of a turbine engine, causing a reduction in thrust.",The act of spoiling.,1.00
DM,"The witness Gorman however seemed to attach blame to Arrowood for repeatedly reporting <define> misblends </define> during these weeks , when actually no wrong weights could be determined .",The act or result of misblending.,A mixture of two or more things that is not the same.,0.00
DM,"By making Henry steadfastly determined to do the decent and honorable thing , he avoids facing up to the complex <define> countertugs </define> of physical desire and social pressure   [ … ]",A tug in the opposite direction.,(figuratively) An opposing force.,0.00
DM,"Atopic patients with ichthyosis vulgaris often have keratosis pilaris and <define> hyperlinear </define> , exaggerated palm creases .",(dermatology) Having unusually pronounced creases marking the skin.,Extremely linear.,1.00
DM,"I swanny if I ever felt so in my life ! I was so anxious about that long letter that I sent to them to get printed for you , that I was dreadful loth to go in , and <define> eenamost </define> made up my mind to turn about and make tracks for the sloop agin !","(dialectal) almost, nearly.","(archaic, or, dialectal, Northern England, Scotland, Northern Ireland, Northern England, Northern Ireland) At the same time; at the same time.",1.00
DM,Convert liquid heaters from <define> underfiring </define> to immersion or submersion heating,"(also, attributively) Heating from below.",(intransitive) To fail to fire.,1.00
DM,"As long as the defence is credible and can be reasonably substantiated so that the counterclaim is not evidently <define> immeritorious </define> , the attacked party has little to lose , and may gain time .",Unworthy of merit; not deserving of merit; not meritorious.,(law) Of or pertaining to immeritorious conduct.,0.00
DM,Physicians <define> somnambulize </define> their patients and extract teeth literally without pain .,To put into a sleeplike or trancelike state.,"(medicine, transitive) To administer a somnambulant to.",0.00
DM,"After an unsuccessful attempt to have The Grapes of Wrath banned <define> statewide </define> ( the effort backfired ) , the AF commissioned and distributed a barrage of counternarratives .",Throughout a state (political subdivision of a federal union).,In a statewide manner.,0.00
DM,... an <define> occurrential </define> hypothesis ...,"Of, pertaining to, or essentiating an occurrence or occurrences; occurrent.",Of or pertaining to an occurrence.,0.00
DM,a <define> roll - up </define> display banner,Capable of being made into a cylinder shape by rolling.,Capable of being rolled up.,0.00
DM,"As the infancy of Rome was <define> venust </define> , so was its manhood notably strenuous .",(obsolete) beautiful,"(archaic, or, literary) Pertaining to, characteristic of, or characteristic of a man.",1.00
DM,"People are assumed to follow the maxim and <define> submaxim </define> , but cross - cultural differences are well - documented regarding the enactment of the submaxim .",A maxim making up part of a greater maxim.,(mathematics) A maxim that is less than the maximum.,0.00
DM,Hitting a thin shot from a fairway bunker is more productive than hitting a <define> fat </define> shot .,(golf) Being a shot in which the ground is struck before the ball.,(golf) Of a golf ball: having a relatively large circumference.,1.00
DM,"Round rolls the stroke with mathematic care , All centre - bound , exactly circular : No sportive way it takes , at large and free , No gambol plays of <define> freakful </define> liberty   [ … ]",(archaic) Full of whims or caprices.,(obsolete) Freaky.,1.00
DM,"It also tests our tolerance of smart - aleck , <define> potty - mouthed </define> teenage boys .","(informal) Regularly using vulgar language, especially strong profanities.",Alternative form of potty-mouthed,0.00
DM,"Often the ornamentor was an apprentice to the real artist of the scriptorium , the <define> initialer </define> .",The artist who decorates the initial letters in an illuminated manuscript.,One who initials.,1.00
DM,"I see my own fish , a <define> baldchin </define> , fluttering between bombies way down   [ … ]",The baldchin groper.,"(Australia, New Zealand, colloquial) A bald eagle.",1.00
DM,... all the components of an insurance claim form can be sent <define> paperlessly </define> from one location to another .,Without paper; in a paperless fashion.,In a paperless manner.,0.00
DM,"[ W]ith these two candidates , this election remains a <define> dumpster fire </define> .","(US, slang) A chaotic, unpleasant, unmanageable thing, situation, or person; a disaster.","(figuratively) A situation that is chaotic, disorganized, or otherwise unpleasant.",0.00
DM,The critically low level of rainfall in the second half of 2020 – approaching 50 % year on year for November – led the religious affairs directorate to instruct imams and their congregations to <define> pray </define> for rain last month .,"(religion) To direct words, thoughts, or one's attention to God or any higher being, for the sake of adoration, thanks, petition for help, etc.",(intransitive) To pray.,0.00
DM,in rushed a thorough Edinburgh <define> gutterblood </define> - a ragged rascal,"(derogatory, archaic) A person of low pedigree; one of the common rabble.",(slang) A person who lives in or frequents a gutter.,1.00
DM,"The poet 's eye , in a fine frenzy rolling , / Doth <define> glance </define> from heaven to earth , from earth to heaven .",(intransitive) To look briefly (at something).,(intransitive) To turn one's gaze from one thing to another.,0.00
DM,"No , ' tis a THOUGHT sprung ftom[sic ] a ray divine , Which will through clouds of lowring critics shine : When in a clear <define> innubilous </define> serene , The soul 's abstracted , purg'd from dross and spleen ;","(obsolete, rare) Cloudless.",(obsolete) Innocuous.,1.00
DM,a <define> kinkable </define> hose,In which kinks may be formed.,Capable of being kinked.,0.00
DM,I have <define> reservations </define> about your intentions .,"(often, in the plural) A limiting qualification regarding certainty; a doubt.","(countable, uncountable) A feeling of uneasiness or doubt.",0.00
DM,"There is , from Early Latin onwards , a <define> causal - final </define> use of the preposition de with adjectives like lassus and sollicitus .",(linguistics) Pertaining to any case that indicates the intention of achieving a specific final result.,(grammar) Of or pertaining to a preposition de.,0.00
DM,<define> Kindly </define> move your car out of the front yard .,Used to make a polite request: please.,In a kind manner.,0.00
DM,"A little troop of choristers in surplices and <define> untasselled </define> trencher - caps , headed by old Peter Glenny the organist , are coming round the northern corner of the west front from the schoolroom .",Not adorned with tassels.,Not sewn.,1.00
DM,"Many dress up as the <define> Headless Horsewoman </define> and her lover , the Apple Elf . Wait , Apple Elf ? Where do humans come up with this stuff ? Still , a small tent grabs my attention . In it , a group of humans put on a play about this unfortunate pair .",(rare) A female equivalent of the Headless Horseman mythical figure.,(fandom slang) A fictional female character who has a headless horse.,0.00
DM,Euelpides : Who <define> brings owls to Athens </define> ?,"(idiomatic) To undertake a pointless venture, one that is redundant, unnecessary, superfluous, or highly uneconomical.",(transitive) To bring (something) to (someone or something).,1.00
DM,"As for K’ang Yu - wei , his first given name was Tsu - i. He was born in 1858 , in the district of <define> Nan - hai </define> , Kwangtung , into an old and aristocratic family which for generations had been noted for its Neo - Confucian scholarship .","(a district of Foshan, Guangdong, China; former county of Guangdong, China).","A district of Kwangtung, Taiwan.",1.00
DM,"A much more numerous biotic element occurs also in other biotopes , whether only in similar adjacent ones or in widely scattered very different habitats , as <define> ubiquitists </define> ( forms with high ecological valence , i.e. , eurytopic forms ) .",An organism that can be found in most types of environment.,(ecology) A species that has a high ecological valence.,0.00
DM,"When the scholastic has finished his education , he embarks on the “ <define> tertiate </define> , "" a period of several months in which the accumulated experience of some ten years in the Order will be proved and tested all over again .",The third year of training in various Christian religious orders (especially the Jesuits).,(Christianity) A period of study in which a person who has completed his or her secondary education is required to undergo further studies in order to be admitted to a religious order.,0.00
DM,"And suddenly there , you ’ll know even then , that you will be badgered , abused , and publicly humiliated by that silly hysterical <define> twathead </define> again and again until you either have to change your phone number or your sex , whichever is less devastating to your social life .","(vulgar, slang) Term of abuse.","(vulgar, pejorative) A stupid or contemptible person.",0.00
DM,"Non - UTUC findings ( mucosa fold , small extraluminal mass and <define> parapelvic </define> hyperdense cyst and bullous mucosal edema ) were found during ureteroscopy in 4/9 cases and normal upper urinary tract was described in 5/9 cases .",Beyond the pelvis,(anatomy) Of or pertaining to the paraplegia.,0.00
DM,"They were ordered to the field , and their places filled by the Georgia "" Reserves , "" an organization of boys under , and men over the military age . As General Grant aptly - phrased it , "" They had <define> robbed the cradle </define> and the grave , "" in forming these regiments .","(idiomatic, disapproving) To use a young person for a purpose inappropriate to his or her age.","(transitive, idiomatic) To deprive of something that is rightfully one's.",1.00
DM,"Well , sometimes <define> mee - maws </define> have things to do , like moms and little girls .","(informal) Alternative form of meemaw, i.e. mamaw (grandmother).",Alternative form of mee-maw,0.00
DM,In time it became as impossible for polyglot and <define> polysectarian </define> America to provide a common religious standard for her public schools as for her Army or her railways .,Composed of many sects.,Of or pertaining to a polyglot.,1.00
DM,"The vessel was filled with a thick , <define> molasseslike </define> fluid .","Resembling molasses in any of various respects, such as consistency, flavor, or color",Resembling or characteristic of molasses.,0.00
DM,"The cigar drawer is an excellent introduction , looked after properly by self or servant , and there is always at hand the drink and the smoke for self or friend , or both , saving the often troublesome and sometimes <define> faintless </define> search for the cigar box that will go astray .",Without faintness or fainting,Without faintness.,0.00
DM,"Diagram of mold for casting a fang ding . The four outer mold pieces surround the model ; above the model is the inner core , and below the model is the <define> interleg </define> core piece .",That acts or occurs between legs.,Betweenlegs.,0.00
DM,"When such events befell him , Dooni would simply disappear for a few days , returning to tell his friends he had been “ on location , filming a movie , ” Los Angeles <define> drag - queenese </define> for doing jail time .",(rare) The jargon used by drag queens.,(informal) The language of a drag queen.,0.00
DM,"Owing to the occurrence and economic importance of <define> molybdosis </define> in cattle , this species has been the primary subject of study of molybdenum metabolism .",molybdenum poisoning,(medicine) The accumulation of molybdenum in the blood.,0.00
DM,"You seem a bit out of it lately , have you been smoking <define> rocks </define> again ?",(slang) Crack cocaine.,(slang) Marijuana.,1.00
DM,"She copied the whole alphabet like that , as though only the inside <define> whites </define> of the letters registered on her mind .","The enclosed part of a letter of the alphabet, especially when handwritten.",(informal) The white part of a letter.,0.00
DM,"A visitor may well be baffled by “ pony keg ” and “ <define> jack salmon </define> , ” but Cincinnatians know that the first is a store where beer may be purchased and the second is deep - fried pike .","(Midwestern US, colloquial) Sander vitreus.",(colloquial) A deep-fried pike.,0.00
DM,"More importantly , it is highly context dependent : ( a ) certain text types ( such as advertising copy ) seem to license bare <define> mediopassives </define> more than others ( see Section 6.4.1 ) , ( b ) contextually implied contrast may enable an inherent property reading of a bare mediopassive ( see Sections 6.4.2.1 and 6.4.2.2 ) , or the verb itself might foster bare mediopassive use ( this seems to be the case with denominal verbs like zip , button , bolt , or clamp , see Goldberg and Ackerman 2001 : 806 ) .",(grammar) A mediopassive construction; a phrase that uses the mediopassive voice.,(linguistics) A word that is not a noun.,0.00
DM,The problem is that the area is grey so far as the authorities are concerned and it is difficult to know where to draw the line between a nutriceutical or <define> pharmafood </define> and a medicinal drug substance .,A food supposed to have health benefits; a nutraceutical.,(uncountable) Medicinal food.,0.00
DM,"While some experts say these girls likely have body image issues or could develop a more serious eating disorder , <define> wannarexics </define> usually range between healthy and overweight .","(pejorative, slang) One who does not have the eating disorder anorexia nervosa, but wishes to.",(informal) A person who wants to be a member of the female subculture of wannarexics.,1.00
DM,""" You will soon be all right , my fine fellow , "" said the London surgeon reassuringly . He was renowned for his sympathetic <define> bedside manner </define> .","The ability of a doctor, medic, nurse, or other healthcare professional, to interact with his or her patients. [from 19th c.]",(idiomatic) The manner in which a person conducts himself or herself at a bedside.,0.00
DM,Its pathological nature is constituted by its perpetuation into an inappropriate movement which the conviction of its <define> mutility </define> can not abolish .,"(rare) deformity, defectivity",(uncountable) The state of being mutilated.,0.00
DM,"It is not supposed that there is now , or that there ever was a man in Madison county who would willfully lie to hurt a fellow - man , or even to enhanced his own interests , but for your spinning yarns and big story telling , she has had some "" <define> hummers </define> . ""","(slang, obsolete) A lie or tall tale.",(slang) A lie.,0.00
DM,"I told him about my plan , and he agreed that the gobblers must be <define> henned up </define> and that moving might be a good idea .",Alternative form of henned-up,"(transitive, colloquial) To prepare (someone or something) for a difficult situation.",1.00
DM,"The <define> ruibe </define> is then cut and eaten while still frozen , and served with soy sauce and fresh wasabi .","An Ainu dish of salmon that is frozen outdoors, sliced like sashimi, and served with soy sauce and water peppers.","(uncountable, cooking) A type of Japanese soup made from soybeans, rice, and other ingredients.",0.00
DM,a <define> whaleboned </define> corset,Reinforced with whalebone.,Having whalebones.,0.00
DM,"He watches the flickering black lights , as they <define> deluminate </define> , the world around him .",To extinguish a light; to darken.,(intransitive) To become illuminated.,1.00
DM,"However , certain objects are excluded from being treated as a gun . These include a longbow , crossbow , slingshot or <define> shanghai </define> even though it is capable of propelling a projectile by means of an explosive force .","(AU, NZ) Synonym of slingshot.",Alternative form of shanghai (“weapon”),1.00
DM,[ … ]   he turned his resourceful mind away from the serene life of a don on grass lawns in Cambridge to one of <define> self - sacrifice </define> and pure devotion in the thorny bushes of Africa .,The giving up of one's own benefit for the good of others.,The act of self-sacrifice.,0.00
DM,"Every thing of that sort appears to be at present no better than it is with us in a country - town : or rather it wants the simplicity and rustic innocence , and is more like the <define> draggled - tailed </define> finery of a lady ’s waiting - maid .","(of a person or other animal, or of clothing) Slatternly, untidy, unkempt.",Alternative form of draggled,0.00
DM,"Revealingly , two of the contenders announced this week for the Art Fund museum of the year prize - the Sackler Centre at the V&A in London and the National Trust Museum of Childhood in Derbyshire - are heavily interactive , while a third <define> shortlistee </define> , the Museum of Reading , boxed up its exhibits and allowed them to be displayed in workplaces and public buildings .",A person or thing that is on a shortlist,One who has been shortlisted.,0.00
DM,"Selection affecting the melanization threshold could likewise reduce patch number , which should occur in the reverse order ( loss of rump patch followed by loss of crown stripe and finally loss of <define> wing bar </define> .",A band of contrasting color or of feathers with a distinct appearance that crosses a bird's wing.,Alternative form of wing bar,1.00
DM,We say nothing of the <define> pulpitish </define> and dogmatic tone which seems never so far to forget itself as to drop down into the easy accents of friend talking with friend .,Of or pertaining to the pulpit; like preaching.,Resembling or characteristic of a pulpit,0.00
DM,""" Do n't I know that it is you who is the <define> life </define> of this house . Two delightful children ! """,The most lively component or participant.,(figuratively) Someone or something that is important or important.,1.00
DM,"The pastry room was a further revelation . Six young girls in white coats and white hats were dusting white flour over small pre - formed pastry lids , which were then glued onto cups of uncooked short crust filled with <define> pink slime </define> .","Used other than figuratively or idiomatically: see pink,‎ slime. Slime which is pink.","(uncountable, cooking) A mixture of flour, sugar, and water used to make short crust pastry.",1.00
DM,Brokerage 1½ per Cent . <define> Shroffage </define> 1 per Thousand .,(historical) The commission paid to a shroff for examining coins for quality.,(obsolete) Shroffage.,1.00
DM,"Suddenly , something Henry said caught my attention . “ Where 'd you get these boxes of <define> puffcorn </define> ? ” he asked . “ This stuff has no taste at all ! ”","A corn snack, visually similar to popcorn, but made with corn meal and baked.","(Australia, New Zealand, informal) Corn pudding.",1.00
PG,"You're not alone, Claire.",,"You're not alone, claire- -",1.00
PG,"Who told you to throw acid at Vargas, hmm?",,"Who told you to throw acid at Vargas, hmmm?",0.00
PG,Where the pure angel merges with the antic Sphinx,,♪ Where the pure angel merges with the antic sphinx,1.00
PG,Where is it written what is it I'm meant to be,,Where is it written what is it I'm meant to be?,0.00
PG,We'll find the skipper and then we'll go home.,,We'll find the skipper and then we'll go home.,0.00
PG,Seymour's Darling is third... and little Arnie moving fast on the outside.,,Seymour's Darling is the third... and little Arnie's moving fast on the out-of-towner.,1.00
PG,"Scud, do you read me?",,"- Scud, do you read me, please?",1.00
PG,Jumby now wants to be born.,,Jumby now wants to be born,0.00
PG,It was a difficult and long delivery.,,It was a long and difficult delivery.,0.00
PG,Is Mabel a slave?,,¿Mabel's a slave?,0.00
PG,I like to be beautiful everyday.,,I like to be beautiful everydays.,1.00
PG,"I got the joy, joy, joy, joy Down in my heart",,"♪ I got the joy, joy, joy, joy Down in my heart ♪",0.00
PG,Homicide investigators have told me that they did find a bottle of pills in his lap.,,Homicide investigators have told me that they found a bottle of pills in his lap.,0.00
PG,"He's an In-Valid, sir.",,"Oh, he's an In-Valid, sir.",0.00
PG,Hello Mr. Barthes.,,Hello Mr. Barthes.,0.00
PG,HARRY Imperio.,,HARRY ⁇ .,1.00
PG,Half that speed.,,"Half that speed, half speed.",1.00
PG,"Frankfurt, Germany.",,"It's Frankfurt, Germany.",0.00
PG,Enemy is matching velocity.,,Enemies are matching speed.,0.00
PG,Call John.,,Call the john.,1.00
PG,Bernadette wants a prenup.,,Bernadette's asking for a prenuptial.,0.00
PG,and yet i see no children emerging from the vehicle.,,And yet I see no children exiting from the vehicle.,0.00
PG,I was not advanced to Ranger.,,I wasn't advanced to ranger.,1.00
PG,It's time to breathe.,,It's time to take a breather.,1.00
PG,I'm not leaving here till I have my thousand dollars.,,I'm not leaving here until I have my thousand dollars.,0.00
PG,Braga.,,B-braga.,1.00
PG,Who's Elise?,,"Who's EIIise, huh?",1.00
PG,Himmler's not at the briefing.,,Himmler's not at the pre-briefing.,1.00
PG,The funds are transferred.,,The funds are transfered.,0.00
PG,Ships don'just magically appear out of nowhere.,,Ships don't just magically appear out of nowhere..,0.00
PG,No one's on their own.,,Nobody's on their own.,0.00
PG,Tyler's not here.,,tyler's not here.,1.00
PG,"Soren, look.",,"Hey, Soren, look.",0.00
PG,"It was a nice run, Kev.",,"It's a nice run-in, Kev.",1.00
PG,How's Chris?,,How's chris?,1.00
PG,"I've always thought that ""bludgeon"" has a spur-of-the-moment sound.",,"You know, I've always thought that ""bludgeon"" has a spur-of-the-moment sound, you know?",1.00
PG,Five children.,,Five Children.,1.00
PG,"Come, Daniel-san.",,"Come on, daniel-san.",1.00
PG,"Ah, Mr. Adams.",,"Ah, Mr. Adams:",1.00
PG,Are you just gonna ignore it?,,You're just gonna ignore it?,0.00
PG,Where's Wallace?,,Wh-Where's Wallace now?,1.00
PG,Where's Larkin?,,Wh-Where's Larkin?,1.00
PG,Don't say you don't remember me.,,"Don't tell me you don't remember me, dude.",0.00
PG,Fraulein Spielrein.,,It's Fraulein Spielrein's.,0.00
PG,"Take the cane, Colonel.",,"Take the cane, Colonel",0.00
PG,"Get up, Sam.",,"Get up, sam..",1.00
PG,"CQ, this is W-9 GFO.",,"CQ, this is W-9-G-F-F.",1.00
PG,"Welcome to Mars, man.",,Welcome to mars.,1.00
PG,She was not ready.,,She wasn't prepared.,0.00
PG,Blood is the life.,,Blood's what life is.,0.00
PG,Maybe you can use one of these.,,Maybe you can use one of these cuffs.,1.00
PG,"Oh, thanks, Paige.",,"Oh, thanks, paige.",1.00
PG,Where are elders?,,Where are the Elders?,1.00
PG,Do you think he loves you?,,Do you think he's fond of?,0.00
PG,Shire.,,- Shire.,0.00
PG,Where's Logan?,,Where's Logan?,0.00
PG,Don CorIeone.,,Don Corleone's.,0.00
PG,I've been all around this world,,I've been wandering all over this world,0.00
PG,"Thank you, Edward.",,"Thank you, edward",1.00
PG,Melhoff.,,Melhoff.,0.00
PG,"Thank you, Hubert.",,"Thank you, Hubert.",0.00
PG,We're all equal,,We're all equals,0.00
PG,Kraken.,,It's the Kraken.,0.00
PG,W-where's Silas?,,W-where's Silas'?,0.00
PG,The window's closed.,,The window's closed- -,0.00
PG,"Thank you, Hector.",,"Thankyou, Hector.",1.00
PG,Didn't recognize me.,,He didn't recognise me at all.,0.00
PG,"Seth, are you all right?",,"Seth, are you okay?",0.00
PG,Hyah! Hmm.,,"Hyah, hyah, hmm, hmm, hmm.",0.00
PG,He does have a son.,,He has sons.,0.00
PG,"Thank you, Norman.",,"Thank you, norman",1.00
PG,"Thank you, Miles.",,"Thanks, Miles.",0.00
PG,21 days.,,Twenty-one-one days..,1.00
PG,He's a Muslim.,,He's a Muslim.,0.00
PG,Book of Shadows.,,The Book of Shadows.,0.00
PG,Kyle Butler.,,It's Kyle Butler.,0.00
PG,I'm an animal.,,I'm a brute.,1.00
PG,Where's the pool?,,Where's the poolside?,0.00
PG,Gimi.,,Gimme..,1.00
PG,"Thank you, Ethan.",,"Thank you, ethani.",1.00
PG,"Thank you, Owen.",,"Thank you, owen.",1.00
PG,We need more water.,,"We need more water, yo.",0.00
PG,I wanna see your eyes.,,I want to see your eyes.,0.00
PG,"Good morning, Sarah.",,"Morning, Sarah.",0.00
PG,"Thank you, Molly.",,"Thank you, molly.",1.00
PG,Who's Mary?,,Who's mary?,1.00
PG,"Good morning, Annie.",,"Morning, annie.",1.00
PG,What's she looking for?,,What's she lookin 'for?,0.00
PG,It's Josh.,,It's joshy.,1.00
PG,"Hey, Bella.",,"Hey, bella.",1.00
PG,"Thank you, Jessica.",,"Thankyou, Jessica.",0.00
PG,"Thank you, Kathy.",,"Thank you, kathy.",1.00
PG,Warsaw.,,Warsawa..,1.00
PG,Cannibal.,,"Cannibal, cannibal, please.",1.00
PG,BosIey.,,BosIey.,0.00
PG,"Dean, you all right?",,Dean you okay?,0.00
PG,Champagne for everybody.,,Champagne for y'all.,0.00
PG,Where's the bride?,,Where is the bride?,0.00
PG,I'm at the bridge.,,I'm at the bridge.,0.00
PG,The water's boiling.,,The water's boiling.,0.00
PG,I'm going to have a son.,,I'm going to have a Son.,1.00
PG,"Thank you, Natalie.",,"Thanks, Natalie.",0.00
PG,His son's dead.,,His son's lame.,1.00
PG,Do you hear music?,,Do you hear the tune?,0.00
PG,A hunting accident.,,A hunting accident- -,0.00
PG,It's Ivan Locke.,,It's Ivan Locke,0.00
PG,Where's the princess?,,Where's the princessa?,1.00
PG,"Thank you, Holly.",,"Thank you, hollyy.",1.00
PG,What beach?,,Whwhat beach?,0.00
PG,She doesn't have any friends.,,She doesn't have lovers.,1.00
PG,650,,"6-0, 6-0, 6-0, 6-0, 6-0.",1.00
PG,"Thank you, Leon.",,"Thank you,  Leon.",0.00
PG,It is my handwriting.,,It's my handwriting.,0.00
PG,He's got your eyes.,,He's got your eyes.,0.00
PG,11 minutes.,,1 1 1 minutes.,1.00
PG,Where's Tracy?,,Where's tracys?,1.00
PG,Where's Oliver?,,Where's Oliver?,0.00
PG,I'm a hunter.,,I'm a chaser.,0.00
PG,Where's Greg?,,Where's greg?,1.00
PG,"Thank you, Carlos.",,"Thanks, carlos.",1.00
PG,"Thank you, Alfred.",,"Thanks, Alfredo.",1.00
PG,Gandhi?,,Gandhi,1.00
PG,He believes in you.,,He believes in you.,0.00
PG,Bar's open.,,The bar's open-ended.,1.00
PG,I'm not your daughter.,,I'm not your granddaughter,1.00
PG,"Thank you, Ralph.",,"Thank you, ralph",1.00
PG,"Thank you, Seth.",,"Thanks, Seth.",0.00
PG,Where's Simon?,,Wh-Where's Simon?,1.00
PG,Where's Jason?,,Where's jasons?,1.00
PG,We're explorers.,,We're explorers..,0.00
PG,60 minutes.,,Sixty-minutes.,0.00
PG,TONY Vermont.,,Tony Vermont.,1.00
PG,"Thank you, Julian.",,"Thanks, Julian.",0.00
PG,He's praying.,,He's beggars.,1.00
PG,Baggins.,,Baggins!,0.00
PG,Where's Thomas?,,Where's thomas?,1.00
PG,EsteIIe.,,estellee.,1.00
PG,"Thank you, Morgan.",,"Thank you, morgan.",1.00
PG,Where's Taylor?,,Where's taylor?,1.00
PG,I don't have parents.,,I don't have a parent here.,0.00
PG,"Thank you, Casey.",,"Thanks, casey.",1.00
PG,My mom's dying.,,My mommy's dying.,0.00
PG,I just wanna play.,,I just want to play poker.,1.00
PG,"Thank you, Jake.",,"Thanks, jake.",1.00
PG,"Thank you, Jones.",,"Thanks, Jones.",0.00
PG,I'm blessed.,,I'm sanctified.,0.00
PG,Strangle?,,Strangled?,1.00
PG,I have to die.,,I have to be dying.,0.00
PG,Sun's going to come up soon.,,Sun's going to come up soon.,0.00
PG,1000 feet.,,"1,300 feet.",1.00
PG,Thank you for the wine.,,Thank you for the wine cooler.,1.00
PG,You're a part of me.,,You're part of me.,0.00
PG,It's a treasure map.,,It's a treasure map- -,0.00
PG,"Thank you, Data.",,"Thankyou, Data.",1.00
PG,"Thank you, Denise.",,"Thanks, Denise.",0.00
PG,That's a ship.,,That's a ship-loader.,1.00
PG,Did I snore?,,Did I snore-sno?,1.00
PG,"Thank you, Patrick.",,"Thanks, patrick.",1.00
PG,"Thank you, Jason.",,"Thank you, jason.",1.00
PG,It's just a machine.,,It's just a machine.,0.00
PG,I wanna be normal.,,I want to be normal everyday.,1.00
PG,My name's Anna.,,My name's annae.,1.00
PG,"Hello, Meredith.",,"- Hello, Meredith.",0.00
PG,48 hours?,,"Forty-eight hours, huh?",0.00
PG,We have to trust each other.,,We've got to trust each other.,0.00
PG,Where's Robert?,,Wh-where is Robert?,1.00
PG,Nitroglycerin.,,⁇ glycerin.,1.00
PG,We don't bite.,,- We don't bites.,0.00
PG,"Thank you, Julie.",,"Thank you, julie.",1.00
PG,"Thank you, Carol.",,"Thank you, carol.",1.00
PG,But I've got a plan.,,But I-I've got a plan.,1.00
PG,77,,Seventy-seven-seven.,1.00
PG,She's a mute.,,She's mute.,0.00
PG,"Welcome, friend.",,"- Welcome, Friend.",1.00
PG,No one wants me.,,No-one wants me here.,1.00
PG,"Mars-1, Houston.",,"Mars-1, Houston, this is Mars-1.",1.00
PG,"Thank you, Barney.",,"Thank you, Barney.",0.00
PG,How's Michael?,,How's michael?,1.00
PG,His mother's dead.,,His mommy's dead..,0.00
PG,Can he see us?,,"Hey, can he see us?",0.00
PG,He killed my mom.,,He's killed my mama.,0.00
PG,"Thank you, Rick.",,"Thanks, rick.",1.00
PG,"Good morning, Chuck.",,"Morning, chuck.",1.00
PG,You're a slave.,,You're a slave.,0.00
PG,Jor-EI.,,Jor-E-I.,1.00
PG,"Thank you, Wayne.",,"Thanks, wayne.",1.00
PG,"Yeah, he's alive.",,"Yea, he's alive.",0.00
PG,Where's Audrey?,,Where's audrey?,1.00
PG,Her name's Amy.,,Her name's Amy.,0.00
PG,I'm her attorney.,,I'm her counsel.,0.00
PG,He's got a daughter.,,He's got a granddaughter,1.00
PG,Where's Amy?,,Wh-where's Amy?,1.00
PG,We have to tell them.,,We've got to tell 'em.,0.00
PG,I don't wanna be your friend.,,I-I don't want to be your friend.,1.00
PG,Where's Ethan?,,Where's ethani?,1.00
PG,"Hey, Oz.",,"Hey, oz.",1.00
PG,They've got my daughter.,,They've got my daughters.,0.00
PG,But we have no money.,,But we ain't got nothin '.,0.00
PG,Prodigal son.,,Prodigal son of mine.,0.00
PG,50 meters.,,Fifty-footer.,1.00